Time,Place,Content,Source,Comments
N/A,N/A,"三明模式将成为今年乃至今后很长一段时间各地推进医改唯一应该学习的样子！
作者｜徐毓才
来源｜老徐评医
点击上方蓝字关注“看医界”，每天都有料！
进入2024年，诸多信息都表明，三明模式将成为今年乃至今后很长一段时间各地推进医改唯一应该学习的样子！
开年以来五个重要信息
1月9日全国医疗保障工作会议。
会议明确，2024年医保工作要坚持稳中求进工作总基调，坚定不移地走具有中国特色的医疗保障发展道路。要强化基金监管高压态势。实现现场监管全面覆盖、非现场监管精准打击，发挥好治理医药领域腐败问题的探照灯作用。要深化医疗服务价格改革和管理。重点关注矛盾突出的项目价格，同时开展大型设备检查价格专项治理。
要推动集采“扩围提质”。开展新批次国家组织药品耗材集采，做好集采中选品种协议期满接续，实现国家和省级集采药品数合计至少达到500个。
要优化支付方式改革。发挥医保在支持公立医院高质量发展、中医药传承创新、紧密型县域医共体建设方面的作用。
1月11日至12日，全国卫生健康工作会议。
会议要求坚定不移推进深化医改各项任务。以人员下沉为核心深化医联(共)体建设，以落实功能定位为重点统筹“双中心”和临床专科建设，以“三个转变、三个提高”为方向持续推进公立医院高质量发展，以推广三明医改经验为抓手促进“三医”协同发展和治理。
1月31日，全国卫生健康体改工作会议。会议指出，2024年要以人民健康为中心，进一步全面深化医改，促进医保、医疗、医药协同发展和治理，加快优质医疗资源扩容和均衡布局，深化以公益性为导向的公立医院改革，创新医防协同、医防融合机制，进一步完善医疗卫生服务体系，以更大力度抓好各项改革任务落地落实，为健康中国建设做出更大贡献。
2月20日~21日，国家医疗保障局党组书记、局长章轲赴福建省三明市调研医疗保障工作。
在明期间，章轲一行深入市第一医院，三元区富文社区医养结合卫生服务站、崇宁健康驿站、莘口镇便民惠企服务中心，市行政服务中心，医保定点医药机构，沙县区总医院、夏茂镇俞邦村等地，和各机构负责人、患者、参保群众亲切交流，并与部分医务人员进行座谈，详细了解三明医改以及经办服务、国谈药品销售使用、医养结合、健康管理、经办机构运转等情况。
座谈会上，章轲认真听取有关情况汇报。他指出，福建省和三明市始终坚持人民至上的崇高情怀、敢为人先的创新精神、实事求是的工作作风，有力促进医保、医疗、医药协同发展和治理，取得了显著成效，积累了有益经验。章轲强调，要深入学习贯彻习近平总书记关于医改工作的重要指示精神，大力推动医保改革，维护医保基金安全，在全国医保领域推进三明医改制度性成果的运用，鼓励和引导全国医保因地制宜、开拓创新。要积极探索医保与医疗、医药、慈善的统筹协调，持续推进科学化、精细化管理，坚持与时俱进、提升服务水平，切实做好医保基金智慧监管，不断提高人民健康福祉，让更多群众享受改革成果。
有媒体认为，国家医保局新任局长章轲将三明定为正式上任之后地方调研的第一站，这表明三明将继续为我国医保制度改革提供有益的经验。2018年国家医保局组建后，时任局长胡静林外出调研也造访了三明。
2月28日，国家卫生健康委召开新闻发布会介绍卫生健康进展成效有关情况。国家卫生健康委体改司副司长庄宁说：“国家卫生健康委将以地市为单位深入推广三明医改经验，让群众在改革中有更多实实在在的获得感。”
庄宁介绍，国家卫生健康委会同有关部门认真总结提炼三明医改经验，明确了11条普遍推广的经验和10条因地制宜探索的改革措施，指导督促各地学习借鉴。
全国医改的组织领导体制持续强化，31个省份和新疆生产建设兵团均由党委和政府主要负责同志亲自抓医改，落实改革主体责任。“三医”协同发展和治理不断深化，国家已组织9批374种药品、4批高值耗材的集中带量采购。各省份均建立了医疗服务价格的动态调整机制，连续三年开展调价评估，符合条件的省份及时调整了价格，体现了医务人员的技术劳务价值，优化了医院的收入结构，总体上不增加群众负担。
全面推开以按病种付费为主的多元复合式医保支付方式改革，2022年起，国家卫生健康委启动了中央财政支持公立医院改革与高质量发展示范项目，遴选支持有关城市在因地制宜推广三明医改经验等方面加大改革创新突破。其中，第一批15个示范城市中期评估的结果显示，体现公益性的相关指标，如政府的投入占比、基层诊疗量占比、患者满意度等，均高于全国平均水平。
在医改上，三明做对了什么？
12年前，三明医保在濒临绝境时开始破釜沉舟的艰难探索。
作为老工业城市，福建省三明市“未富先老”现象颇为严重，其城镇职工赡养比由2011年的2.06∶1逐年下滑至2020年的1.46∶1。与之相伴的是，2011年，三明全市职工医保统筹基金收不抵支，缺口超过2亿元。
另一边，由于医药流通领域混乱，带金销售猖獗，公立医院医药收入连年以超过10%的幅度不合理增长，导致看病贵现象突出。在医疗服务领域，各级各类医疗机构普遍实行企业式的按劳分配和计件工资制，这种体制机制下比拼的是门诊量、住院量、手术量和业务收入增加了多少，不乏制造病人、开发病人的举措，也不乏使患者吃冤枉药、做冤枉检查、开冤枉刀的现象。
为此，三明医改起初把主要精力放在了“整治以赚钱为中心”上，主要措施是整治回扣和不正确的医疗行为。
2012年4月起，三明对省级同一采购药品目录中的营养性、辅助性、高回扣嫌疑的129个品规疗效不确切、价格很确切的药品实行重点监控，医院从采购到临床使用进行月报制度监督，对连续两个月开药排名在前十的医生进行公示、约谈。
这项举措推出仅一个月时间，三明市医保基金支出就减少了1673万元，全年节省开支2亿元，弥补了上一年的亏空。
初战告捷，三明医改通过治混乱、杜浪费，在“整治以赚钱为中心”上迅速遏制住了医保亏损的势头。接下来要想推进医改进一步深化，巩固成果，就不能只靠政府的手了，必须建章程立制度，让医疗回归治病中心，其特征是：医务人员薪酬与医疗收入脱钩，与医疗行为和病人数量无关；医疗回归“救死扶伤”本质，有病治病，不过度治疗、用药；采取的主要措施是改体制，建机制，政府承担办医责任。
三明认为，实现“三医联动”是推进系统性改革的破局之道。
三明将药品耗材降价腾出总额的70%~80%转化为医院的服务性收入，通过腾空间调结构，全市二级以上公立医院医药总收入中，医疗服务性收入、药品耗材费用、检查化验收入的比例由2011年的18%∶60%∶22%，优化为2020年的41%∶33%∶26%。
三明至少九次进行医疗服务价格调整，动态理顺8421个医疗服务项目价格，医务人员的劳务技术价值得到了最大体现。
自2013年起，三明市对22家县级以上公立医院实行院长、医生、临床药师目标年薪制，2015年又将护理和行政后勤管理人员全部纳入目标年薪管理，突破人事编制与聘用的界限，实现同工同酬。
2021年，《三明市实施“六大工程”推进医改再出发行动方案》发布，以“六大工程”为抓手，继续在全国走前头作示范，标志着三明医改从“治已病”迈向“治未病”的3.0版阶段，是以治病为中心转变为以人民健康为中心的再出发。
三明除了采取以治病为中心阶段的措施外，还实行了医保基金打包支付，即打包给医院的医保基金若有结余，则归医院收入。这就自然会形成病人越少，医务人员薪酬越高的正向激励机制，医疗服务提供者肯定希望老百姓不得病、少得病、迟得病，而医院结余下来的医保基金不仅可以用于治病，更能用于健康，实现以健康为中心。
2月27日，上海交通大学医学院附属瑞金医院携手三明市人民政府，共同探索医疗改革新模式，采用“技术平移”新范式输出医疗新技术和医疗管理规范，共同打造“三明医改3.0版”，瑞金医院-三明全生命周期“六病共管中心”正式揭牌。在前期多轮调研、探讨的基础上，瑞金医院选择代谢病、心脑血管病、肿瘤、呼吸病、生殖及老年科六大学科，与三明市共同启动“六病共管中心”项目，为国家医改提供新思路和试点，并形成可复制可推广的有效经验，为中国医改继续贡献智慧和力量。
搞医改为什么要学三明？
笔者认为，搞医改学三明至少有以下三个方面的理由：
一是从根源上为解决腐败问题进行了有益探索。医药领域的腐败和医疗服务中的不正之风是这个行业的顽症痼疾，多少年来不断加强综合整治而病根难除。去年，国家掀起了最严厉的专项行动并剑指六大重点，聚焦“关键少数”和关键岗位，最终要建立长效机制。而三明医改在很大程度上，为解决医药领域和医疗服务中的腐败提供了积极有效探索。
三明医改起步就是针对医药流通领域混乱，带金销售猖獗并把，并把那些“疗效不确切、价格很确切”的营养性、辅助性、高回扣嫌疑的129个品规药品实行重点监控，建立了从采购到临床使用全链条的月报制度，对连续两个月开药排名在前十的医生进行公示、约谈。形成了不敢腐的强大震慑和不能腐制度安排。
与此同时，他们针对公立医院医药收入连年以超过10%的幅度不合理增长这一导致看病贵的现象，瞄准在医疗服务领域，各级各类医疗机构普遍实行企业式的按劳分配和计件工资制，因为在这种体制机制下医务人员比拼的是门诊量、住院量、手术量和业务收入增加了多少，不乏制造病人、开发病人的举措，也不乏使患者吃冤枉药、做冤枉检查、开冤枉刀的现象。在第二阶段实行了以院长、医生目标年薪制为核心的绩效薪酬制度改革（最后实行全员目标年薪制），实际上建立了不想腐的体制机制。
二是解决了当下医保改革中三大难题，即医疗服务价格、医保支付方式、打包付费。近年来，特别是自2018年国家医保局组建以来，以集采和谈判采购为手段的“腾空间”做出了很大成绩，以DRG/DIP为重点的按病种付费正在按部就班的推进，在“保衔接”方面发力，但实际上这项工作存在的困难和引发的争议不少，意见很大，目前看已经在市场中摸爬滚打多年的医药企业在积极改变自己并逐步适应，而始终摆着一幅老面孔长期受体制保护的公立医院仍然存在不积极不主动的消极应付，怨言颇多。而制约医疗机构健康发展的医疗服务价格改革却明显滞后，这也是在改革中提出的“腾空间、调结构、保衔接”断了线，导致系统性不够、协同性不足，也使得压力价格运营越来越困难。基于此，国家提出要医保、医疗、医药协同发展和治理。而可以极大地促进医疗服务由治病为中心转变为以健康为中心的打包付费更是很少有地方探索实施。而这几个方面，三明都进行了积极探索并取得了显著成效，积累了有益经验。
三是解决了医疗卫生服务的使命问题。当前，由于工业化、城镇化、人口老龄化，由于疾病谱、生态环境、生活方式不断变化，我国仍然面临多重疾病威胁并存、多种健康影响因素交织的复杂局面，我们既面对着发达国家面临的卫生与健康问题，也面对着发展中国家面临的卫生与健康问题。如果这些问题不能得到有效解决，必然会严重影响人民健康，制约经济发展，影响社会和谐稳定。
我们的卫生与健康工作方针是以基层为重点，以改革创新为动力，预防为主，中西医并重，将健康融入所有政策，人民共建共享。
随着经济社会发展和人民生活水平不断提高，人民群众不但要求看得上病、看得好病，还希望不得病、少得病。基于此，相对于看得上病、看得好病而言，人民群众更希望不得病、少得病，这实际上就为医疗卫生服务确定了其存在的理由就是促进人民健康，而这才是医疗卫生服务的使命问题。而三明医改3.0版就是为了解决这一终极问题而设计的。
为了实现一切为了人民健康这一目标，三明医改3.0阶段，提出：
一是要完善政府办医责任体系，让政府承担公立医院建设、管理、监督责任。公立医院的良性发展机制是硬件投入依靠政府，软件和日常管理依靠医院，降低医疗成本和提高运行效率依靠体制机制创新。
二是深化医疗保障服务体系，发挥医保基础、杠杆、引领作用，减轻群众负担，使医疗健康资源效益最大化。
三是建设健康管护组织体系，明确健康管护主体：医共体或总医院；明确健康管护的对象：所有参保人员；明确健康管护的责任：医疗和健康管护；明确经济利益：医保基金按人头年度打包支付给医共体或总医院，钱随人走，结余留用。
四是配套推进健康绩效考评监督体系，将人均期望寿命、居民健康水平、人均医疗费用等体现健康的绩效指标融入考评。目标是以人民健康为中心，既避免过度医疗，也避免医疗不足，更加注重医防高效。
由此可见，12年前正式启动三明医改的核心就是医疗、医保、医药的“三医”联动，增强了医改的协同性、整体性和系统性。走过了“治混乱、堵浪费”的1.0阶段，以公立医院薪酬制度和“医疗检查、用药、治疗三合理”绩效考核制度等为核心的“建章程、立制度”的2.0阶段，目前正在落实由以治病为中心转向以人民健康为中心的3.0阶段。
这也就是笔者对于学习三明医改学什么怎么学的思考，也是对三明医改为什么又火起来的回答。
（原标题：
徐毓才：
三明医改为什么又火起来了？
）
END
点击文末
左
下角“
阅读原文
”还可了解详情并提交报名信息
商务合作
叶 子：18049932923
晓 敏：177 17303989",N/A,
N/A,N/A,"4月23日，国家卫生健康委在湖北省宜昌市召开新闻发布会，介绍「推广三明医改经验，深化以公益性为导向的公立医院改革」有关情况。本次发布会介绍了
湖北省、湖北宜昌市和湖北十堰市
深化医改的一系列做法。
此前，网上流传的一份名单显示，三明医改将于今年率先在全国十个城市试点，名单显示的第一个试点城市即湖北十堰。国家卫健委在本次发布会上明确，
湖北，正是今年推广三明医改系列发布会的第一站。
2024年，
国家卫健委曾先后在江苏盐城、北京、福建泉州、河北石家庄、重庆、浙江丽水、广东深圳，
累计举办了7场以「推广三明医改经验」为主题的新闻发布会，
通过宣介典型地市学习借鉴三明医改经验的做法和成效，推动三明医改经验在全国落地生根。7场发布会围绕各地在落实政府办医责任，促进「三医」协同发展和治理，完善医务人员编制、薪酬制度改革，医疗服务收入占比等公立医院改革关键问题、热点问题，邀请了数十名地方主政官员介绍了各地三明改革经验。
本次发布会上，来自湖北省卫健委、宜昌市、十堰市的医改决策层人士，介绍了湖北省不同地市的医改进程。
压实领导责任
改革薪酬分配制度
提高医务人员固定收入占比
三明医改作为我国深化医改的典型范例，其经验正在各地实践中不断创新发展。湖北省是如何结合本地实际，推动三明医改经验落地开花的？
三明医改经验的重要内核是党委政府高度重视、勇于改革创新，切实履行政府办医主体责任。
三明市卫健委曾在《医改：「三明模式」很成功，为何难推广？「三医」联动协同太难》一文指出：三明医改最重要的成果为「三医联动」改革，而「三医联动」作为一种医改顶层设计，涉及部门利益太多，协调难度过大，所以导致「三明模式」很难复制。此外，三明市相关部门曾不止一次公开透露，改革不仅需要勇气，还需要科学的顶层设计和强有力的领导机制。
湖北省卫生健康委主任王云甫介绍，湖北从多方面全方位推动三明医改经验落地，首先就是压实「强有力的领导机制」。
压实责任，建立强有力的领导机制
➤省委将医改重点指标纳入高质量发展范畴，结果与地方党政领导班子目标责任制考核挂钩；
➤各市县全部落实一位政府领导管「三医」，其中宜昌、十堰、襄阳都由常委牵头抓医改工作；
➤建立了卫生健康委、医保局、中医药局、药监局、疾控局一委四局协作机制，以公立医院改革为重点，协同推进人事编制、医疗价格、薪酬制度、医保支付等项目改革，强化政策协同。
突出因地制宜
围绕人才提能、专科提档、服务提质、管理提效，湖北省筹集1.5亿元资金——
➤支持36家三级医院重点帮扶70家县级医疗机构提高服务能力水平；
➤联动编制、薪酬、职称等改革为儿科、精神科等薄弱专科补齐短板
➤引入人工智能，推广智能辅助诊断，数智赋能医疗卫生体系。
实行院长负责制
全省二级以上公立医院全部实行党委领导下的院长负责制，健全了「党建业务」双考核机制，以党建带动公益性改革举措落地。
改革薪酬分配制度，提高医务人员固定收入占比
➤支持试点医院同济医院实施「高水平学科群建设计划」，提升疑难危重症诊疗能力；
➤改革薪酬分配制度，建立以岗位、业绩等为核心的绩效考核与收入分配机制，提高医务人员固定收入占比，进一步突出医务人员的有效激励。
聚焦编制、优化医院收入结构
以国家公立医院改革与高质量发展示范项目为带动，鼓励探索创新。如宜昌市创新设立公益事业聘用编制，重点解决优秀护士、做出贡献的医生的编制问题；十堰市坚持改革联动，调整医疗服务价格，优化医院收入结构。
强基层、提能力，让90%的患者留在县域
➤坚持财政投入向基层倾斜，省级筹资1亿多元，每年遴选13个县市，围绕科学治理、精细管理、能力提升、医共体建设等重点，鼓励人才、技术、管理、服务「四下沉」；
➤以县域影像、心电中心建设等为抓手，推广分散式检查、集中式诊断、区域内互认的有效的检验检查模式；
➤强基层、提能力，让90%的患者留在县域。
多维度评价公立医院改革成果
建立市、县以及医院三个层面的评价体系，从政府履职、落实医院功能定位、优化经济运行、缓解群众负担等多个维度开展公立医院改革评价，指导各地对标补短板、强弱项。
市「一把手」「二把手」
亲自抓医改，编制、薪酬同步改
十堰市作为去年入选的公立医院改革与高质量发展示范项目城市，在医改方面有哪些真招、实招？
市委书记、市长亲自抓医改
湖北省十堰市人民政府副市长朱云慧介绍，十堰市市委书记、市长亲自抓医改，特别是今年，十堰市在落实一位政府负责同志分管三医的基础上，明确一位党委常委联系医改和卫生健康工作，将医改任务纳入市委市政府专题会议定期调度，推动医改纵深发展。
化解医院债务，一次性核增编制315个，固定薪酬占比达45%
➤聚焦公立医院改革难点堵点，建立医疗卫生人才编制「周转池」，一次性核增公立医院编制315个；
➤十堰市利用药品耗材的集中采购，腾出空间调整医疗服务价格3479项，医疗服务收入占比达到35.4%；
➤动态核定医务人员薪酬水平和绩效工资总量，薪酬中固定收入占比达到45%；
➤十堰市还制定公立医院债务管理办法，逐步化解债务，不断健全公立医院补偿机制，让医院轻装上阵。
强化智能监管
政府开发医疗健康数据共享系统，升级医疗服务智能监管平台，实现健康数据共建共享，医疗行为共治共管，药品耗材采购使用等全过程的监管，切实维护好人民群众健康权益。
加大财政投入
调整医疗服务价格
降低药品耗材价格
宜昌作为中央财政支持公立医院改革与高质量发展的示范项目城市，如何推广三明医改，从哪些方面起到了示范作用？
湖北省宜昌市人民政府市长陈红辉介绍，宜昌市主要从如下几个方面学思践悟三明经验：
调整医疗服务价格，降低药品耗材价格
➤市县主要领导亲自抓，党委常委和分管领导具体管，建立医疗、医保、医药联动机制；
➤累计开展医疗服务价格动态调整6批次、754项，药品耗材集中采购降价超50%，CT、核磁等检查费用下降26.8%，患者住院费用、自费比例逐年下降，有效缓解群众看病就医负担。
招引人才，完善分级诊疗体系
➤建设国家区域医疗中心，累计招引享受国务院特殊津贴医学专家10名、博士330名，诊疗技术大幅提升；
➤推动县级医院提高服务能力水平，超过90%的患者在县域内解决看病问题；
➤建设紧密型医联体，上级专家驻点基层服务，群众就近就能看上大医院的专家号，65%患者看病首选在基层，初步实现头疼脑热在乡镇村里解决。
加大财政投入，深化公立医院改革
➤落实政府投入责任，财政对卫生健康投入年均增长8.5%；
➤市直医院主要负责人薪酬由财政保障，促进医院运行管理符合公益性要求以及政府部署；
➤公立医院医疗服务收入占比达到了37.5%，收入结构不断优化；
➤增设公益事业聘用编制1728个、建立市县编制周转池，从制度上、机制上提高医务人员积极性，保障公益性。
来源 | 医脉通
作者 | 阿泰
扫码报名AI讲师
欢迎医院、高校、企业人员报名！
对于
公立医院
/高校的讲师，有授课奖励！
活动",N/A,
N/A,N/A,"点击上方蓝字 · 关注我们
CLICK THE BLUE WORD TO FOLLOW US
4月23日，国家卫生健康委召开新闻发布会，
介绍推广三明医改经验、深化以公益性为导向的公立医院改革有关情况，
并回答媒体提问。
图片来源：健康中国
国家卫生健康委新闻发言人、宣传司副司长胡强强
表示：这是国家卫健委在2025年举办的首场以“三明医改推广”为主题的新闻发布会，向大家介绍
湖北省
深化医改的做法。
推广三明医改需要因地制宜
湖北省是如何结合本地实际推进医改？
会上，
湖北省卫生健康委主任王云甫
介绍，
近年来，湖北省结合实际，从三个方面推动三明医改经验在湖北省落地。
一是在优化机制上用力
省委将医改重点指标纳入高质量发展范畴，
结果与地方党政领导班子目标责任制考核挂钩；
各市县全部落实一位政府领导管“三医”，其中宜昌、十堰、襄阳都由常委牵头抓医改工作；建立了卫生健康委、医保局、中医药局、药监局、疾控局一委四局协作机制，以公立医院改革为重点，
协同推进人事编制、医疗价格、薪酬制度、医保支付等项目改革，
强化政策协同。
二是在因地制宜上用力
围绕人才提能、专科提档、服务提质、管理提效，省级筹集1.5亿元资金，36家三级医院重点帮扶70家县级医疗机构提高服务能力水平。
湖北省还支持各地紧扣儿科、精神等薄弱专科，联动编制、薪酬、职称等改革补短板。
同时，引入人工智能，推广智能辅助诊断，数智赋能医疗卫生体系。
三是在增进健康福祉上发力
聚焦心脑血管病，高血压、糖尿病等8种慢性病，构建防、筛、诊、治、康、管全链条服务体系，通过加强健康宣教，湖北省居民健康素养不断提升。
针对老年人看病不方便问题，出台加强导医导诊服务、家庭病床等10大举措。
同时，湖北省还初步建成了城市10分钟急救圈、农村30分钟医疗圈，提高群众就医可及性。
十堰市作为去年入选的
公立医院改革与高质量发展示范项目城市，
在医改方面有哪些真招、实招？
湖北省十堰市人民政府副市长朱云慧
表示，
十堰市倍加珍惜示范项目机遇，力争通过体制机制改革，实现公立医院高质量发展。
一是健全领导体制抓改革
市委书记、市长亲自抓医改，特别是今年，十堰市在落实一位政府负责同志分管三医的基础上，明确一位党委常委联系医改和卫生健康工作，
将医改任务纳入市委市政府专题会议定期调度，推动医改纵深发展。
二是坚持部门联动促落实
聚焦公立医院改革难点堵点，
建立医疗卫生人才编制“周转池”，一次性核增公立医院编制315个；
利用药品耗材的集中采购，腾出空间调整医疗服务价格3479项，医疗服务收入占比达到35.4%；
动态核定医务人员薪酬水平和绩效工资总量，薪酬中固定收入占比达到45%；
十堰市还制定公立医院债务管理办法，
逐步化解债务，
不断健全公立医院补偿机制，让医院轻装上阵。
三是强化智能监管促协同
政府开发医疗健康数据共享系统，升级医疗服务智能监管平台，实现健康数据共建共享，医疗行为共治共管，药品耗材采购使用等全过程的监管，切实维护好人民群众健康权益。
宜昌市如何推广三明医改，
从哪些方面起到示范？
湖北省宜昌市人民政府市长陈红辉
介绍，
主要有以下几个方面：
一是强化“三医”协同发展
市县主要领导亲自抓，党委常委和分管领导具体管，建立医疗、医保、医药联动机制。
累计开展医疗服务价格动态调整6批次、754项，药品耗材集中采购降价超50%，CT、核磁等检查费用下降26.8%，
患者住院费用、自费比例逐年下降，有效缓解群众看病就医负担。
二是完善分级诊疗体系
建设国家区域医疗中心，累计招引享受国务院特殊津贴医学专家10名、博士330名，诊疗技术大幅提升。推动县级医院提高服务能力水平，
超过90%的患者在县域内解决看病问题。
建设紧密型医联体，上级专家驻点基层服务，群众就近就能看上大医院的专家号，
65%患者看病首选在基层，初步实现头疼脑热在乡镇村里解决。
三是深化公立医院改革
落实政府投入责任，
财政对卫生健康投入年均增长8.5%。
市直医院主要负责人薪酬由财政保障，
促进医院运行管理符合公益性要求以及政府部署。公立医院医疗服务收入占比达到了37.5%，收入结构不断优化。
增设公益事业聘用编制1728个、建立市县编制周转池，
从制度上、机制上提高医务人员积极性，保障公益性。
湖北省是如何推广三明医改经验，
坚持公立医院公益性的？
湖北省卫生健康委主任王云甫
表示，深化公立医院改革，必须紧扣公益性，通过前期的实践，总结从“5个实”上下功夫。
一是夯实党建领航工程
全省二级以上公立医院全部实行党委领导下的院长负责制，健全了“党建业务”双考核机制，以党建带动公益性改革举措落地。
二是落实委省共建试点
支持同济医院实施“高水平学科群建设计划”，提升疑难危重症诊疗能力；
改革薪酬分配制度，建立以岗位、业绩等为核心的绩效考核与收入分配机制，提高医务人员固定收入占比，
进一步突出医务人员的有效激励。
三是做实改革示范
以国家公立医院改革与高质量发展示范项目为带动，鼓励探索创新。
如宜昌市创新设立公益事业聘用编制，重点解决优秀护士、做出贡献的医生的编制问题；十堰市坚持改革联动，调整医疗服务价格，优化医院收入结构。
四是落实强县行动
坚持财政投入向基层倾斜，省级筹资1亿多元，每年遴选13个县市，围绕科学治理、精细管理、能力提升、医共体建设等重点，鼓励人才、技术、管理、服务“四下沉”；以县域影像、心电中心建设等为抓手，推广分散式检查、集中式诊断、区域内互认的有效的检验检查模式。强基层、提能力，让90%的患者留在县域。
五是压实动态评价
建立市、县以及医院三个层面的评价体系，
从政府履职、落实医院功能定位、优化经济运行、缓解群众负担等多个维度开展公立医院改革评价，指导各地对标补短板、强弱项。
END
每日必看行业热文
    
医生自嘲“天塌了”！患者查DeepSeek后“质疑”治疗方案，而且它对了……
    
重磅官宣！卫健委：二级及以上医院须设这科室！晋升优先倾斜，待遇升级！
    
“女医生怒骂患者”冲热搜！网友反而力挺医生
欢迎广大医学科研工作者踊跃投稿~
所有转载仅做观点分享，版权归原作者所有
如有侵权，请及时联系我们删除",N/A,
N/A,N/A,"□记者 梁露露
选择巩义、中牟、金水、惠济作为“三明医改经验”市级攻坚示范县区；开展领导人员年薪制试点探索；依托郑州市中医院建设世界（中国）中医针灸中心；推进郑州市中医药立法……
郑州市2025卫生健康工作这样干！
2月6日，记者从2025年郑州市卫生健康工作会议上获悉，2025年，全市卫生健康工作将坚持稳中求进工作总基调，以高质量发展为主题，以基层基础为重点，以深化改革为动力，持续抓改革、强基层、提能力、优服务、保安全、促发展，进一步健全公共卫生服务体系，优化医疗资源均衡布局，强化全生命周期健康服务，促进人口长期均衡发展，不断增强人民群众健康获得感。
0
1
持续深化医药卫生体制改革
●
实施“三明医改经验”改革攻坚。
选择巩义、中牟、金水、惠济作为市级攻坚示范县区
，力争在政府投入保障、债务化解、薪酬制度改革、紧密型医联体建设等方面创新突破；其他区县（市）也要全面铺开推进。
●
会同相关部门加快建设基层集采药品管理、医共体医保基金线上结算拨付和医疗服务价格动态监测系统。规范医疗服务及收费计费行为，及时处理医保部门移交的涉及医疗行为线索。
●
加快推进县域审方中心、中心药房、共享中药房建设
，县域中心药房覆盖率达到50%以上。开展医疗机构药物临床试验（GCP）。
●
推动扩大检查检验结果互认范围。持续推进“护理到家”和“家庭病床”服务。推动取消门诊预交金，医疗机构将医保患者住院预交金额度降至同病种个人自付平均水平。
0
2
持续深化以公益性为导向的公立医院改革
●
对三级公立医院CMI、出院患者四级手术占比等22项绩效指标实施月监测、季通报、半年分析和年度评价。
●
推动人事编制改革。盘活用好现有编制资源，尽快消化存量，逐步降低空编率。
积极推动解决市属公立医院养老保险制度改革“原试点”人员历史遗留问题。
●
深化薪酬制度改革。完善薪酬总量管理制度，建立与医疗服务收入占比、收支情况、债务风险等挂钩的薪酬总量动态调整机制。逐步缩小医院内部业务科室间的收入差距，
向儿科、急诊、感染、病理、精神、全科、产科、护理等专业倾斜
，力争5年内公立医院业务科室间收入差距降至1.5倍以内；力争到2026年，公立医院人员薪酬中固定收入占比达到50%左右。合理确定领导人员薪酬水平，根据绩效考核、高质量发展核心指标完成情况动态调整。
开展领导人员年薪制试点探索
。
●
推进收费机制改革。调整1—2次医疗服务价格，逐步理顺医疗服务比价关系，推动公立医院医疗服务收入占比逐年提升，
力争提高2个百分点以上。
●
对社会需要、收费较低的儿科、精神、中医、感染、产科等医疗机构和薄弱科室，积极争取价格调整、政策性亏损补助等支持。
●
加强业财融合，促进资源有效分配使用，无基本建设和设备购置非流动负债的公立医院占比、收支平衡的公立医院占比达到60%以上。
0
3
持续提升医疗服务能力
●
国家儿童区域医疗中心完成国家批复3～5年建设目标。积极争取省级区域医疗中心建设项目。
加快临床重点专科建设，力争新增国家临床重点专科1个，省级10个。
●
积极争取国家、省级工程技术研究中心、重点实验室等科技创新平台。加快推进郑州市第三人民医院与河南大学的合作。
●
引进医学博士研究生20名以上，柔性引进人才（团队）30名（个），力争新培养省市认定的高层次人才5名以上；积极推荐申报河南省优秀专家、中原英才计划、国家和省名中医等系列评选。
●
落实“人工智能+医疗健康”行动，发展智能健康管理、智能临床辅助诊断等应用场景。
●
推动河南省神经疾病区域医疗中心等３个项目开工，市公共卫生应急救治中心等4个项目加快建设，市中心医院高新医院、市六院传染病综合救治楼等8个项目竣工投用，新增床位2400张。
0
4
促进中医药传承创新发展
●
依托郑州市中医院建设世界（中国）中医针灸中心
，力争2026年初完工投用。加大招商引资力度，考察对接产业项目10个以上，力争完成项目签约5个。
●
加快实施国家中医药传承创新发展示范试点项目
。推动建设“1+6”开放式智慧共享中药房，打造郑州市中医药数智服务平台。持续推进国家区域中医专科诊疗中心和国家中医优势专科建设。推动国医大师等中医药高层次人才引进工作，培养“郑州市中医药学科领军人才”10人，中医骨干人才100名、青苗人才200名。建成符合标准的中医馆60个、中医阁300个。
0
5
巩固提升基层服务基础
●
加快推进以金水区为代表的15家城市医疗集团建设。打造惠济、上街、高新、经开4个医疗集团建设样板。
●
抓实县域医共体建设。逐步将产权明晰的公有化村卫生室纳入乡镇卫生院统一管理。加强市级远程诊疗中心对医共体业务指导和质控。
乡镇卫生院远程影像、远程心电覆盖率提升至90%以上。
●
落实医共体、医疗集团“四个下沉”要求，医共体牵头医院向基层派出至少1名主治医师以上职称人员常年服务；医疗集团牵头医院每周至少3个工作日向社区卫生服务中心派驻不少于3名中级以上职称人员帮扶，每个帮扶周期至少半年。
●
每个县市打造1—2所具备“五结合”服务功能的县域医疗卫生次中心，基本达到二级医院服务能力。推进村卫生室标准化公有化建设，全市公有产权村卫生室占比达到95%以上。
●
推动县域医共体（城市医疗集团）牵头医院不低于40%的专家号源、预约设备检查等医疗资源交由家庭医生管理支配
，推动二级以上医院全科医生作为家庭医生或加入基层家庭医生团队，在基层医疗卫生机构提供签约、诊疗等服务，引导签约居民首诊家庭医生、首选基层医疗卫生机构。推动为签约慢病患者提供长期处方服务，为80岁以上签约老年人提供居家药学、护理等服务。
●
以绩效目标完成情况、重点任务执行情况、经费落实和使用情况、乡村医生补助落实情况、重点人群获得感为重点，完善以资金落实为重点、以结果为导向的项目绩效评价方案，实现每个区县（市）和基层医疗机构的评价全覆盖。持续推进电子健康档案向个人开放和应用。
●
积极推进乡村振兴工作。做实重点监测对象健康帮扶服务，持续开展“七免一减”等惠民举措。
0
6
持续完善公共卫生服务体系
●
推动中原、荥阳、中牟、管城、金水加快完成疾控中心标准化建设。提升群体免疫水平，确保以乡镇为单位适龄儿童免疫规划疫苗接种率保持在90%以上。
●
完善全市“1+16”家传染病监测预警中心配置功能。持续开展艾滋病、结核病、病毒性肝炎等重点传染病防控，确保新发和输入传染病规范处置率达到100%。
●
加快推进慢病智慧管理信息平台建设，
逐步为基层配备数字出诊包、智能血压仪等诊疗设备
。在医共体内开展“两病”免费用药试点探索。
0
7
积极推进健康城市建设
●
全面推进健康郑州十八个专项行动，提升主要健康指标。深化爱国卫生运动，开展“全城清洁”及农村人居环境整治。
●
打造健康科普微平台，
大力推广郑州市中心医院、巩义市人民医院健康科普经验做法
。常态化开展“健康素养、绿城风尚”健康大讲堂“六进”活动，持续提高群众健康知识知晓率。打造郑州人的健康集市、“健康郑州号”地铁列车和“健康地铁驿站”，营造健康科普浓厚氛围。
0
8
提升全生命周期健康服务水平
●
鼓励引导更多医疗机构转型为老年医院、康复护理机构，力争各县（市）均设置（挂牌）1所老年病医院。全市二级以上综合性医院老年医学科设置比例达到85%以上，
其中规范化设置老年医学科的比例达到30%
。依托紧密型医联体推广“全链式”医养结合服务模式，扩展老年健康促进行动覆盖面。
●
每个区县（市）至少举办一所普惠托育机构，全市普惠托位占比达到90%以上。大力发展用人单位办托、社区嵌入式托育、家庭托育点等多种模式。
●
创建国家和省级妇幼特色专科，建设儿童友好医院、生育友好医院和省级妇幼健康区域医疗中心。
●
推动儿科服务实现广泛覆盖，90%以上的基层医疗卫生机构能够提供儿科服务。推动公立医院开展心理门诊和睡眠门诊服务，举办不少于100次的心理健康知识讲座。
争取省级精神卫生区域医疗中心建设项目
。
0
9
全面提升行业综合治理能力
●
启动“十五五”全民健康规划、区域卫生规划编制，争取一批重大工程、重大项目列入国家、省、市规划盘子。
●
加强医疗卫生、公共卫生等领域监督执法，持续开展打击非法医疗美容、非法应用人类辅助生殖技术等专项行动。
●
推进郑州市中医药立法
。全面推进法治医院建设，助力医院可持续发展。
孝敬父母
订一份大河健康报
发行热线
0371-65798768
15638590119
11185
258元 
健康带回家
各位新老读者：
因为微信公众号文章推送规则的改变，导致很多粉丝无法第一时间接收到最新更新文章。为防丢，建议您：
1.点开
大河
健康报
（id：dhjkb999），点击右上方“三个点”（•••）
2.点击“设为星标”
3.出现“黄色星标”后，以后文章都会第一时间发送到您的手机。
关注
大河健康报
，求医问药健康防治全知道。
动动小手，每个人做好自己的健康第一责任人。
温馨提醒：
如您有需要，可进群咨询获取医药健康知识、健康管理、寻医问药等健康服务，扫码入群，获取最新信息
↓
↓
精彩推荐
— END —
值班丨王丽娜
统筹丨安   伟
编辑丨刘广辉
版权声明
本文原创 转载请联系授权",N/A,
N/A,N/A,"福建三明市的“全员目标年薪制、年薪计算工分制”探索实践，被顶层设计视为公立医院薪酬制度改革的典型样本。
撰文 | 
宋昆仑
来源 | “医学界智库”公众号
昨日
（1月29日）
，福建省三明市再次印发文件，公布了2021年12家总医院
（医联体）
党委书
记、院长、总会计师的年薪。
（文件原文见文末）
“医学界智库”梳理发现，年薪最多的是三明市中西医结合医院的党委书记
（院长）
，应发年薪为67.47万元；其中，12家总医院
（医联体）
里，有3家医院党委书记
（院长）
的应发年薪超过50万元，11家医院
（包含上述3家）
党委书记
（院长）
的应发年薪超过40万，只有1家医院党委书记
（院长）
的应发年薪低于40万，还是因为被惩罚了5万元。
文件提到
，各总医院
（医联体）
领导班子
（党委副书记、纪委书记、副院长）
年薪标准以党委书记
（院长）
年薪的80%为上限，下浮比例由各总医院
（医联体）
制定；护理团队基本年薪原则上要达到同级别医生年薪的70%，不得低于65%；行政后勤团队基本年薪按照医师类平均基本年薪的50%核定；返聘市域内退休人员待遇按照同岗位、同级别人员的50%来核定。
关于医生以及管理者薪酬，有一份指导性文件。
2021年8月，国家卫健委发布《关于深化公立医院薪酬制度改革的指导意见》
（简称《指导意见》）
指出，各地可根据当年医疗服务收入扣除成本并按规定提取各项基金后，按照不同层级不同性质医院，根据“两个允许”要求合理增加薪酬总量，不计入总量核定基数。
除此之外，文件还指出可探索实行年薪制、协议工资制、项目工资等灵活多样的分配形式，
鼓励对主要负责人实行年薪制
。
在此之前的2017年，我国就启动了公立医院薪酬改革试点，5年多后，全国范围的改革即将全面推开。
福建小城三明市的“全员目标年薪制、年薪计算工分制”探索实践，被顶层设计视为公立医院薪酬制度改革的典型样本。
2012年三明启动公立医院综合性改革以来，当地医务人员收入逐年增长，
部分医师的年薪较改革前增长了3到4倍。
薪酬待遇的提高，让优秀人才更愿意留在三明。官方数据显示，在2012-2020年的9年时间里，三明全市医疗卫生单位调走215人，属于人员的正常流转，占全部1.84万名卫生技术人员的1.17%，其中2/3为主治医师、主管技师及以下级别医生，但这期间各家医院共招聘了4906人，是调走的23倍。
近年来，我国一直在持续深入推进公立医院人事薪酬制度改革，强调要探索建立符合医疗行业特点的薪酬制度和科学合理的薪酬分配机制。而三明样本，提供了可借鉴的路径，被认为是三明医改的精髓之一。
薪酬改革，关乎每一位医护人员的切身利益，是公立医院综合改革的“最后一公里”，如何调动医务人员的积极性，并兼顾效率与公平，关乎医改成败。
三明样本
2012年，三明市在上年职工医保基金缺口高达2亿多元的巨大压力下，开始了公立医院综合改革的探索。
2013年，在调整医疗服务价格的同时，覆盖22家县级以上公立医院的薪酬制度改革随之启动，
试行医生和院长目标年薪制。2015年，“全员目标年薪制、年薪计算工分制”在三明市全面推开，并陆续实行了总会计师年薪制和党委书记年薪制。
全员目标年薪的内涵是，医生
（技师）
、护理、药剂、行政后勤人员全部纳入目标年薪制管理的范畴，实行目标年薪的全员覆盖；目标年薪包括基础年薪和绩效年薪，基础年薪通过基础工分体现，绩效年薪通过工作量工分和奖惩工分体现。
目标年薪制的实施原则，一是严格按照三明市医改领导小组核定的工资总额实施薪酬分配，坚持“两条红线，一条底线”原则；二是医院工资总额的分配，原则上医生
（含技师）
、护理
（含药剂）
和行政后勤团队的比例分别占50%、40%、10%，同时把握好各团队的最高年薪比例，护理控制在医生的70%以内；三是年薪分配要体现多劳多得、优绩优酬，要重点向临床一线人员、关键岗位人员及业务骨干和作出突出贡献的人员倾斜。
此外，三明改革试点涉及医生收入部分的总体原则是：符合国际上通常医生收入高于社会一般平均收入3-5倍的惯例。
同时，按照医务人员级别和岗位，实行不同等级的目标年薪制。医生年薪按照城镇在岗职工平均工资水平的2至3倍来确定，并动态调整目标年薪水平，目前不同职称等级的医师其目标年薪从11万元-30万元不等。
2012年三明启动医改后，医务人员的收入逐年增长。三明市卫健委公布的数据显示，公立医院在岗职工平均年薪由2011年的4.22万元提高到2020年的13.37万元，年均增长11.87%；医生年均收入由2011年的5.65万元增加到2020年的16.93万元，年均增长11.59%；2020年，主任医师平均年薪29.35万元，副主任医师平均年薪22万元，医生最高年薪达59.8万元。
据了解，2019年三明市城镇在岗职工平均工资86559元，相比之下，三明医生年均收入是其的近2倍，接近于改革目标。而改革前的2011年，后者仅是前者的1.5倍。
用工分制来计算医务人员的工作量、核定薪酬量，是三明薪酬制度改革的一大亮点。
年薪计算工分的构成主要包括：基础工分由档案工资及职务工分组成；工作量工分由量化工分、津补贴工分组成；奖惩工分按医疗质量、帮扶基层、患者满意度、医疗事故、成本控制、医疗纠纷等项目计算。
工分与年薪制如何结合？据一家医院总会计师透露，年薪计算工分标准测算的依据是：以上年核定工资总额作为全院总工分预算数，先按医生团队
（含医技）
、护理团队
（含药剂）
及行政后勤管理团队分别占50%、40%、10%比例划分各团队工分；再按工分构成划分基础工分、量化工分、津补贴工分、奖惩工分；最后按上年各团队年薪执行结果，在分析基础上划分医生和医技、护理和药剂团队量化工分。
在年薪发放办法上，考虑医院当年的核定工资总额通常在次年初经上级部门考核后方能确定，为了保证不突破核定工资总额分配，年薪发放实行“按月预发，年终结算”办法。实际执行的过程中，
基本上不会超发，到年底多退少补。
切断院领导与医院之间的利益关系
至于党委书记
（院长）
目标年薪制，则规定党委书记
（院长）
年薪根据医院年度考核评价结果确定，由同级财政全额负担，
切断党委书记
（院长）
与医院之间的利益联系。
同时，党委书记
（院长）
的考核得分与医院工资总额挂钩，调动医院医务人员参与医院管理的积极性。
三明市卫健委的数据显示，改革以来，公立医院院长平均工资从2011年的9.84万元提高到2020年的41.10万元。
梳理发现，2019年，三明市12家公立医院
（总医院）
院长和党委书记的平均年薪为39.84万元，高于同期医务人员平均薪酬水平。
以三明市第一医院为例，2021年，该院院长应发年薪62.66万元，比2013年的31.51万元增长近99%。
按照之前公布的三明市公立医院党委书记和院长目标年薪制考核方案，考核内容主要包含服务评价、办院方向、平安医院建设、管理有效、持续发展、党的建设、遵纪守法等，其中，管理有效分值占比最多，具体指标包含分级诊疗、医疗质量安全管理、药耗使用管理、医疗服务价格管理、运营效率、C-DRG收付费改革、规范医疗服务行为等。
文件原文：
来源：
医学界
责编：郑华菊
校对：臧恒佳
制版：薛娇
往期
精彩
回顾
大力推广三明医改经验！2021重点医改任务来了
乡镇卫生院院长年入25万，引人才争抢……“三明医改”做了啥？
定了！今年医改的重中之重是推广三明经验
* 医学界力求其发表内容在审核通过时的准确可靠，但并不对已发表内容的适时性，以及所引用资料（如有）的准确性和完整性等作出任何承诺和保证，亦不承担因该些内容已过时、所引用资料可能的不准确或不完整等情况引起的任何责任。请相关各方在采用或者以此作为决策依据时另行核查。
点击“
阅读原文
”，查看更多资讯~",N/A,
N/A,N/A,"今年年初，多地试点三明医改的消息引发热议，541薪酬分配也一度成为了临床医生最为关注的话题之一。
3月11日，一则“安阳出台公立医院薪酬分配指导意见”登上《医药卫生报》，预示着541薪酬分配真的来了。
《医药卫生报》截图
3月17日，安阳市卫生健康委员会正式发布《按劳分配 统筹兼顾 动态调整 安阳出台公立医院薪酬分配指导意见》（以下简称《意见》），提出建立以知识价值为导向的薪酬分配体系，标志着三明医改经验在河南省进入实操深化阶段。
图源：安阳市卫生健康委员会
据《医药卫生报》和《
指导意见
》表示，河南安阳市出台公立医院薪酬分配指导意见，其中明确，原则上医（含医技）、护（含药）、管薪酬总额占比为 5:4:1。
报道明确表示，安阳市结合全市公立医院实际，出台公立医院薪酬分配指导意见，根据“突出公益导向，坚持按劳分配，注重统筹兼顾，合理动态调整”的原则，建立适应全市医疗卫生行业特点的公立医院薪酬制度，逐步实现公立医院收入分配的科学化和规范化，保障医务人员合理薪酬待遇。
明确了河南安阳市出台公立医院薪酬分配指导意见，薪酬分配要充分体现知识、技术、管理等要素的价值，原则上医（含医技）、护（含药）、管薪酬总额占比为5∶4∶1。
“541”并非一个新概念。2019年三明尤溪县总医院就是第一个“吃螃蟹的人”。
在三明医改中的“541”政策里，有了全员目标年薪工分制，即在已实行医生（技师）年薪制的基础上，对全院在职在岗的护理、药剂、行政后勤人员全部纳入目标年薪管理，并通过工分制考核计算来实现。
其中表示，制定“541”政策，要按系列划分全院工资总额。医生（技师）群体占全院工资发放总额的50%左右；护理、药剂群体占全院年薪发放总额的40%左右（其中护理团队占36%左右，药剂团队占4%左右）；行政后勤群体占全院年薪发放总额的10%左右，此即“541”政策。
按照这样的规则计算，具体到临床医生，工资分配大约占30%左右。
至于医生（技师）中的占有10%的其他人员具体指哪些，无论是之前尤溪县总医院公布的比例，还是本次安阳的指导意见，都尚未对此明确。
薪酬分配不止看“541”
《医药卫生报》中明确表示，薪酬总量由人社部门及公立医院主管部门根据公立医院规模、功能定位和工作效果，在现有经济运行条件的基础上动态核定，包括在编职工以及采取其他用工方式的长期聘用岗位职工基本工资、绩效工资、国家和省规定的各项津补贴以及医疗服务盈余按一定比例提取。
经核定的年度医院薪酬总量为该院薪酬发放上限。在总量范围内，可根据月度工作任务完成情况按月进行分配，医疗集团、医共体和各医院可根据实际运行情况计发年度一次性奖励。
固定薪酬包括基本工资、岗位工资、津补贴等各项基本工资福利以及按岗位、职称、优质服务等方式固定发放的绩效工资。
据《医药卫生报》报道，本次安阳市出台的公立医院薪酬分配指导意见中在提出上述「541」薪酬分配方案的同时，还着重强调了以下几项关键内容：
1、提升固定薪酬占比。2025 年固定薪酬占比至少达到 60%，2026 年占比至少达到 65%，2027 年占比至少达到 70%。
2、统筹考虑编制内外人员薪酬待遇，实行同岗同酬。
3、制订儿科、精神卫生科、全科、产科、急诊科、感染科等专业薪酬水平倾斜办法，注重对一线医务人员的倾斜，内部分配应体现技术与风险程度差异、临床医务人员与医疗辅助岗位差异。
4、临床科主任奖励性薪酬原则上控制在本科室医生平均奖励性薪酬的2.5倍以内。护士长奖励性薪酬原则上控制在本科室护士平均奖励性薪酬的 2 倍以内。
三明医改的薪酬改革不止有「541」这一个策略。
在去年年底的一次公开发言中，詹积富在谈到年薪制时提到，这个制度在2021年设计出来，其中三级医院的书记和院长的年薪设定为50万元，设计标准是按照当地同级领导最高工资的2倍来计算的，主任医师的年薪则按照当地的社会岗位工资的5倍来计算，当时社会岗位平均工资是6万元，因此，主任医师的基本年薪为30万元，副主任为25万元，主治医师为20万元，住院医师为15万元。
或许很多人都会有疑问，如果按照年薪制发工资，那干多干少不是都一样了吗？对此，“目标年薪制”中的“目标”两个字就是为了解决这个问题，詹积富对目标年薪制进行了补充说明：“这是政府给予三明 12 个总医院的总额度，而不是直接给每个人这些钱，具体落在个人，需要医院进行考核，以工分计算。”，因此，工分制成为了目标年薪制中不可或缺的关键环节。年薪的工分计算由基础工分、工作量工分和奖惩工分三部分组成，三明市各级医院通过对不同医疗服务进行赋分，以此来为医生计算并分配工作量收入。
而在 2023 年的薪酬结构中，我们又可以看出工资结构的进一步调整：基础工分由职务工分，职称工分、工龄工分构成。这一最新版本的工资结构更加强调向劳动强度大、责任风险重、技术含量高的科室及人员倾斜；同时，根据团队或个人所完成的特殊工作来计算工分；此外，为了扶持某些专科建设，还给予了相应的倾斜政策。
来源：综合整理自医药卫生报、安阳市卫生健康委员会等",N/A,
N/A,N/A,"近日，福建省卫健委在福州举行了主题为“推动医改争先创优，聚力建设‘健康福建’”的新闻发布会, 介绍福州市深化医药卫生体制改革总体情况
（福建省卫健委，2025）
。
会上，
福州市卫生健康委员会副主任钟志华
介绍，通过学习三明医改经验，深化医改实践，推动公立医院改革、城市医疗联合体和健康大数据等国家级试点，到2024年，福州市千人均执业医师和注册护士人数居全省前列，
医疗服务群众满意度保持91.5%以上
。
图源：福建省卫健委
在薪酬改革方面，福州市推行公立医院薪酬总量管理，并为
精神科、儿科、感染科、老年医学、全科医生
等紧缺岗位提供专项补助，缩小学科薪酬差距。2024年，
全市公立医院人员费用占比达到43%
，比“十三五”末提高4个百分点。
清单式推广三明医改经验，全面落实改革规定动作
在深化医改的过程中，福州市委、市政府始终将其作为一项重点工作。市政府加强了“三医”政策的协同推进，将改革与全面深化改革整体规划相结合，确保改革措施精准到位。
具体来说，市政府强化了“三医”协同治理。药品和耗材的集中带量采购已覆盖696种药品和43类耗材，
累计节省了12.1亿元
。与此同时，市政府动态调整医疗服务价格，近三年调整了521项次，确保价格合理。通过推行多元复合式支付改革，医疗机构能依据病情提供个性化治疗，控制医疗费用增长。到2024年，
全市公立医院的医药费用稳中有降，医疗服务收入占比提高至37.9%
，较“十三五”末增加了10.1个百分点。
在政府办医责任方面，市政府持续加大对公立医院的财政投入，落实“六项投入”政策。自“十四五”以来，
市县两级财政投入达到406.3亿元
，占全市一般公共预算支出的10.4%。公立医院的财政拨款收入占比稳步提升，为公立医院提供了强有力的财政支持，推动了其公益性和高质量发展。
在薪酬制度改革方面，市政府全面实施
公立医院主要负责同志、总会计师目标年薪制
，并与绩效挂钩，逐步建立符合医疗行业特点的薪酬制度。市政府还通过提高中高级职称比例，鼓励紧缺岗位如
精神科、儿科、感染科、老年医学、全科医生
等12类医务人员，并提供
每人每月1000元到2000元补助
。到2024年，全市公立医院人员费用支出占比达到43.0%，较“十三五”末提高了4个百分点。
在分级诊疗建设方面，市政府推动紧密型城市医疗集团和县域医共体建设，促进医疗资源向基层下沉。
市、县公立医疗机构的住院转诊量显著增加
，2024年，市、县公立医疗机构的住院转诊人数分别达2.2万和2.7万人次，县域内住院量和基层诊疗量较“十三五”末分别提高了1.6个和4.3个百分点。
精准化推进福州医改实践，积极创新改革自选动作
福州市委、市政府坚持错位发展战略，通过“一院一策”优化优质医疗资源。新建金山院区、五四北院区、皮肤防治院南院等项目相继投入使用，区域医疗格局更加均衡。
依托市属医院传统优势，与省属医院形成专科互补
。
2023年5月，市政府横向整合八家市属医院，成立市第一总医院和市第二总医院，推行
“九统一”“大科制”与扁平化管理
，深化人力、财务、业务融合，有效实现降本增效。2024年，两院住院量分别增长6.8%和13.1%，运行支出同期下降6.0%和2.7%。
在资源下沉方面，市政府强化县域医共体建设，完善县级总医院与中心村卫生所网络。
市属医院对口帮扶
，常态化引进新技术、打造特色专科；同时
创新“积分制”家庭医生签约和“片医”制度
，覆盖全市服务网格，签约居民可享医保优先报销和积分兑换服务。
公共卫生改革同样提速。市、县公立医院普设公共卫生科，派驻疾控监督员并投资新建疾控中心，打造“智慧疾控”国家级示范。
新核定疾控编制456名，提高疾控中心的高、中级职称比例
，创新“一类财政保障、二类绩效管理”模式，激励疾控机构对外技术服务。
人才建设方面，市政府出台十条措施并设立“人才资金池”，新
引进300余名硕博及高级专业人才
，选派百余人国内外研修，培养在职博士数十人。市属医院推行编制总量控制与一体化薪酬待遇，现核定人员控制数1680名。
在便民惠民举措上，
二级及以上医院全面推行“一号管到底”，免陪护服务与检验互认覆盖主要项目
，累计惠及数十万患者。老年友善医疗机构与病区已达数百家，并开展安宁疗护数千床位。通过这些举措，全市医疗服务能力和效率显著提升。
整合优化医疗资源，带动成员医院高质量发展
会上，
福州市级总医院的牵头医院之一、福州市第二总医院院长林凤飞
介绍了医院在整合医疗资源、推动高质量发展方面的创新举措。
图源：福建省卫健委
自2023年5月起，市第二总医院牵头
整合市神经精神病防治院与市妇幼保健院
，推进集团化改革。医院在管理、学科、服务等方面同步发力，取得明显成效。
在管理上，医院推行行政科室垂直管理，成立五大中心集约统筹，有效提升效率、节省成本。同时，实施“岗薪适配”改革，
统一岗位薪酬标准，推动干部跨院轮岗
，增强人力资源流动性。
在学科整合上，推进“大科制”融合发展，
22个临床医技科室统一管理
，打破身份限制，促进资源统筹与医务人员柔性流动。
全面推行“医疗组长负责制”
，设立158个医疗组，统一质控标准，提升诊疗、科研、服务整体水平。
在学科建设上，优势专科集群效应逐步显现。妇产儿科“成建制”整合后，分娩量增长26.9%、四级手术量提升28.7%。神经医学中心助力精神病院转型，开展多项省内领先技术，市域外患者占比达34.5%。医院还联合推出心理、生殖、美容等特色门诊，满足多样化就医需求。
此外，
总院的“一站式服务”模式向成员医院延伸
，在精神病院开通探访绿色通道，在妇幼院推行出生证集成服务，进一步优化患者体验。
目前，市二总医院还牵头组建“闽东北骨科专科联盟”，并与福清等地开展紧密型合作，推动优质医疗资源下沉。2024年，三家医院的患者满意度均实现明显提升，集团化改革成效初步显现。
Editor
编辑
好医生-李可意
Reference
参考
福建省卫健委.推动医改争先创优，聚力建设‘健康福建’”系列新闻发布会（福州市专场）文字实录[N].福建省卫健委.（2025-04-18）[2025-04-18]
 https://wjw.fujian.gov.cn/xxgk/gzdt/wsjsyw/202504/t20250402_6794681.htm 
Notice
说明
本文系好医生整理和撰写，侵权请联系删除
Designer
设计
好医生-刘琳
Reviewer
审核
好医生-周雪雪
点击“
阅读原文
”，下载好医生App",N/A,
N/A,N/A,"这几年很出圈，争议很大的三明医改，其实是2012年时就已经提出并开始探索。我本人也没有医院内的工作经历，本着一点点“国家的主人”的心态，也是医疗相关的内容，终究是需要了解一点的。
要明白什么是三明医改，首先要理解什么是医保。医保通俗理解，就是个人、企业、政府一起出钱组成一个基金，然后用这些钱来支付参与医保的人与医疗相关的各种支出。 “多方筹资，互助共济”。
医保分为两类，居民医保和职工医保。职工医保中分为个人账户和统筹账户，职工缴纳和企业的医保费用，一部分存入到个人账户，可以用门诊看病、药店买药和部分自付医疗费用，另一部分就是存入统筹账户，用于支付住院费用、门诊大病和部分慢性病门诊费用，以及支付医保药品目录内的费用。居民医保也类似，由个人缴纳和财政支出，但居民医保没有个人账户，钱全部进入统筹账户。
直观的，当我们有医保的人去医院看病，就会觉得有打折“很实惠”，这部分打折的钱就是由统筹账户出了。如果没有医保基金的支持，全靠自费，去医院治疗就是比较有负担的行为。
随着时代发展、老龄化等诸多情况，医保基金的开支越来越大。
为了限制过多的开支
，所以逐渐在付费上做出具体的限制。简单概括就是，
DRG/DIP
，从原来按项目付费改为按病种付费，即尽可能限制每个患者来到医院，医保可能的支出；另外就是药物，想方设法降低药物的费用，集采压价，限制高价药物的使用。
另外医保账户合并，即居民医保、职工医保，包括新农合也合并后统一管理。合并的好处有，精简合并行政系统，管理资源不会浪费；用资金充裕的职工医保来补贴资金紧张的居民医保，统筹管理，增加抗风险能力。
医疗人员的角度，原本的收入主要是由科室的业绩情况决定，改革之后是“目标年薪制”，与药品检查收入脱钩，而是30%的基本工资和70%的绩效，绩效是通过各种考核指标来量化，包括临床质量、服务数量、医德医风和成本控制等。这种转变可能造成了部分医生们的不满，因为设置上限之后可能获得的工资就没那么多了，尤其是对于资深医生（但对于年轻医生来说是利好的）；并且诊疗过程中的自由度收到限制，药物和诊疗路径都要符合新的规定，处方事后也可能被抽查，有不合适之处就会被批评或罚款，压力也是很大。",N/A,
